{"cameraMode":{"drawMode":0,"name":"Shaded","section":"Shading Mode"},"sceneLighting":false,"audioPlay":false,"sceneViewState":{"showFog":true,"showMaterialUpdate":true,"showSkybox":true,"showFlares":true,"showImageEffects":true,"showParticleSystems":true},"in2DMode":false,"pivot":{"x":-0.13823865354061128,"y":-1.2403342723846436,"z":-1.9049463272094727},"rotation":{"x":0.08111098408699036,"y":0.05170862004160881,"z":-0.004213729407638311,"w":0.9953539967536926},"size":15.25104808807373,"orthographic":false}